class,x1,y1,z1,v1,x2,y2,z2,v2,x3,y3,z3,v3,x4,y4,z4,v4,x5,y5,z5,v5,x6,y6,z6,v6,x7,y7,z7,v7,x8,y8,z8,v8,x9,y9,z9,v9,x10,y10,z10,v10,x11,y11,z11,v11,x12,y12,z12,v12,x13,y13,z13,v13,x14,y14,z14,v14,x15,y15,z15,v15,x16,y16,z16,v16,x17,y17,z17,v17,x18,y18,z18,v18,x19,y19,z19,v19,x20,y20,z20,v20,x21,y21,z21,v21
Okay,0.34218737483024597,0.9338481426239014,0.0,0.0,0.46844005584716797,0.9039300680160522,-0.03871326893568039,0.0,0.5699044466018677,0.8152000904083252,-0.07923185080289841,0.0,0.6561069488525391,0.7277109622955322,-0.11839248239994049,0.0,0.7234481573104858,0.6615104079246521,-0.16090092062950134,0.0,0.5086329579353333,0.6223098039627075,-0.1075597032904625,0.0,0.5672791600227356,0.44841405749320984,-0.1574242115020752,0.0,0.5911456346511841,0.3468501567840576,-0.18033219873905182,0.0,0.6075947880744934,0.2701026201248169,-0.1939903199672699,0.0,0.43000397086143494,0.5793606638908386,-0.12142305821180344,0.0,0.463068425655365,0.37381216883659363,-0.1687585711479187,0.0,0.47799086570739746,0.25697657465934753,-0.1860833615064621,0.0,0.484505832195282,0.17008745670318604,-0.1987399309873581,0.0,0.34701007604599,0.5768434405326843,-0.13605165481567383,0.0,0.35028091073036194,0.3740071952342987,-0.18409334123134613,0.0,0.3612872362136841,0.25842392444610596,-0.2034711241722107,0.0,0.3748047649860382,0.17127203941345215,-0.21663260459899902,0.0,0.26958152651786804,0.6040499210357666,-0.15333285927772522,0.0,0.22116510570049286,0.4571475386619568,-0.1958514302968979,0.0,0.20407646894454956,0.3624950647354126,-0.2141306847333908,0.0,0.2017960250377655,0.28564226627349854,-0.22665373980998993,0.0
Okay,0.3032801151275635,0.9714524745941162,0.0,0.0,0.4438938796520233,0.9259394407272339,-0.00846201740205288,0.0,0.5561449527740479,0.8277729749679565,-0.015992620959877968,0.0,0.6497825384140015,0.7386199831962585,-0.024912957102060318,0.0,0.7184542417526245,0.6725556254386902,-0.03244483470916748,0.0,0.49647602438926697,0.6214987635612488,-8.869930024957284e-05,0.0,0.55342036485672,0.44721269607543945,-0.011644668877124786,0.0,0.5770517587661743,0.34728577733039856,-0.015050606802105904,0.0,0.5945425629615784,0.26602068543434143,-0.01652907207608223,0.0,0.4202214181423187,0.5812962055206299,-0.011998076923191547,0.0,0.45511940121650696,0.3870677351951599,-0.014362655580043793,0.0,0.47237372398376465,0.26752015948295593,-0.011687521822750568,0.0,0.4792695939540863,0.1692403256893158,-0.012875434011220932,0.0,0.3392711281776428,0.5789178013801575,-0.028057890012860298,0.0,0.34873321652412415,0.39442944526672363,-0.0402803048491478,0.0,0.3532329201698303,0.28166094422340393,-0.04484453424811363,0.0,0.3553062379360199,0.19678959250450134,-0.04872123897075653,0.0,0.26481276750564575,0.6064442992210388,-0.046989720314741135,0.0,0.23389671742916107,0.46499741077423096,-0.0646180510520935,0.0,0.22126935422420502,0.37210240960121155,-0.07229585945606232,0.0,0.21350611746311188,0.2934276759624481,-0.0763927549123764,0.0
Okay,0.3038354516029358,0.9564740657806396,0.0,0.0,0.4460122287273407,0.9216265082359314,-0.021586038172245026,0.0,0.5617415904998779,0.8177170157432556,-0.03088431991636753,0.0,0.6493111848831177,0.719817578792572,-0.04074312373995781,0.0,0.7207332849502563,0.6595911383628845,-0.050345174968242645,0.0,0.5003365874290466,0.6161907315254211,-0.0068405913189053535,0.0,0.5550937652587891,0.4531434178352356,-0.023934509605169296,0.0,0.579113781452179,0.35432177782058716,-0.033571138978004456,0.0,0.5970394611358643,0.2727167308330536,-0.04021375998854637,0.0,0.4201370179653168,0.5695556998252869,-0.01567200943827629,0.0,0.4453471004962921,0.3873140811920166,-0.025755150243639946,0.0,0.4603630006313324,0.2710481286048889,-0.031861063092947006,0.0,0.4694604277610779,0.17915117740631104,-0.03919905424118042,0.0,0.34070125222206116,0.5669598579406738,-0.030457384884357452,0.0,0.3425150513648987,0.3908374309539795,-0.05420517921447754,0.0,0.34551873803138733,0.28453826904296875,-0.06827113777399063,0.0,0.3484525680541992,0.20354390144348145,-0.07672739028930664,0.0,0.2676926255226135,0.5940297842025757,-0.04885738343000412,0.0,0.23247092962265015,0.4627034664154053,-0.07647760212421417,0.0,0.21474990248680115,0.3731195032596588,-0.09034914523363113,0.0,0.20433929562568665,0.2933516204357147,-0.09763966500759125,0.0
Okay,0.30462825298309326,0.9542219638824463,0.0,0.0,0.44716790318489075,0.9226207733154297,-0.023212166503071785,0.0,0.5620706081390381,0.8190318942070007,-0.03282197564840317,0.0,0.6471245288848877,0.7192112803459167,-0.04231735318899155,0.0,0.7176311016082764,0.6578909158706665,-0.05168703943490982,0.0,0.5017288327217102,0.6164717674255371,-0.009937621653079987,0.0,0.5556681752204895,0.45338940620422363,-0.026859261095523834,0.0,0.5789114832878113,0.3538763225078583,-0.036634426563978195,0.0,0.5957685708999634,0.27194198966026306,-0.043380703777074814,0.0,0.4207390546798706,0.5689874887466431,-0.01720510795712471,0.0,0.4467081129550934,0.3883628845214844,-0.027141815051436424,0.0,0.46064379811286926,0.2721156179904938,-0.0336235873401165,0.0,0.4683527946472168,0.17973393201828003,-0.04142066463828087,0.0,0.34115010499954224,0.5657926201820374,-0.030217083171010017,0.0,0.34493905305862427,0.3900361955165863,-0.053457457572221756,0.0,0.34722402691841125,0.2837446630001068,-0.06815988570451736,0.0,0.3488590121269226,0.20283392071723938,-0.07742191106081009,0.0,0.26757586002349854,0.5919541716575623,-0.04682087525725365,0.0,0.23342643678188324,0.46001505851745605,-0.07421697676181793,0.0,0.21564896404743195,0.3680000603199005,-0.08867651969194412,0.0,0.2045285403728485,0.28660082817077637,-0.0966295450925827,0.0
Okay,0.3046613931655884,0.9539551734924316,0.0,0.0,0.45014166831970215,0.9221791625022888,-0.023168180137872696,0.0,0.5647075176239014,0.8222352266311646,-0.03372657671570778,0.0,0.6500957012176514,0.7212035655975342,-0.04329046234488487,0.0,0.7213385105133057,0.6578710675239563,-0.052566301077604294,0.0,0.4961184561252594,0.623726487159729,-0.016330407932400703,0.0,0.5537787675857544,0.4554891586303711,-0.03227660432457924,0.0,0.5790662169456482,0.35307392477989197,-0.04054377228021622,0.0,0.5977330207824707,0.2703426480293274,-0.046126797795295715,0.0,0.41573062539100647,0.5768318176269531,-0.022059235721826553,0.0,0.4437463879585266,0.3923019766807556,-0.03164353594183922,0.0,0.4570253789424896,0.2731802463531494,-0.036440160125494,0.0,0.46365171670913696,0.17917829751968384,-0.042762137949466705,0.0,0.3368953466415405,0.5706945657730103,-0.03253066912293434,0.0,0.34376227855682373,0.3941592574119568,-0.05417260527610779,0.0,0.34925296902656555,0.2852499186992645,-0.06737618893384933,0.0,0.35255518555641174,0.20284035801887512,-0.0759141743183136,0.0,0.2651697099208832,0.5930894613265991,-0.046314045786857605,0.0,0.2352898120880127,0.4573754668235779,-0.07182564586400986,0.0,0.2222541868686676,0.365506112575531,-0.08518197387456894,0.0,0.2142731100320816,0.28547483682632446,-0.09263814240694046,0.0
Okay,0.3011375963687897,0.9581593871116638,0.0,0.0,0.4454250931739807,0.9235231876373291,-0.022390376776456833,0.0,0.5624220371246338,0.822374701499939,-0.033092111349105835,0.0,0.6518290042877197,0.7220748066902161,-0.04298257455229759,0.0,0.7248556017875671,0.6600041389465332,-0.052769217640161514,0.0,0.4998728632926941,0.6258500814437866,-0.015155554749071598,0.0,0.5595775842666626,0.4565638303756714,-0.03008299320936203,0.0,0.5857660174369812,0.35551631450653076,-0.037270188331604004,0.0,0.6047670245170593,0.27111703157424927,-0.042806822806596756,0.0,0.4218354821205139,0.5796515941619873,-0.02244182489812374,0.0,0.4507865607738495,0.39705049991607666,-0.03033124841749668,0.0,0.4645301401615143,0.2817446291446686,-0.03349487483501434,0.0,0.470915824174881,0.18924564123153687,-0.039147213101387024,0.0,0.34249019622802734,0.5745689868927002,-0.03481133654713631,0.0,0.351190984249115,0.39686694741249084,-0.055952344089746475,0.0,0.35901644825935364,0.28618237376213074,-0.06914091855287552,0.0,0.3643572926521301,0.20006659626960754,-0.07816673070192337,0.0,0.26880985498428345,0.5961063504219055,-0.05041986331343651,0.0,0.2355673462152481,0.46133872866630554,-0.0755411684513092,0.0,0.21978653967380524,0.3677111864089966,-0.08898893743753433,0.0,0.20878370106220245,0.2830776274204254,-0.09707563370466232,0.0
Okay,0.3067644536495209,0.9582781791687012,0.0,0.0,0.4508362114429474,0.925687313079834,-0.030614230781793594,0.0,0.5651035308837891,0.8281096816062927,-0.0447731539607048,0.0,0.6539586186408997,0.7280877232551575,-0.057115502655506134,0.0,0.7263121604919434,0.6649367213249207,-0.069949209690094,0.0,0.5016407370567322,0.6285437941551208,-0.026462551206350327,0.0,0.561506450176239,0.46373450756073,-0.04746926203370094,0.0,0.5876449942588806,0.36367809772491455,-0.05851811170578003,0.0,0.6064239740371704,0.2781659662723541,-0.06623449921607971,0.0,0.4231718182563782,0.5799345374107361,-0.03131747990846634,0.0,0.4525732398033142,0.3967338502407074,-0.04507722333073616,0.0,0.4665023684501648,0.2800159454345703,-0.05175994336605072,0.0,0.47443851828575134,0.1847515106201172,-0.05976960062980652,0.0,0.3438444137573242,0.5759462118148804,-0.041914910078048706,0.0,0.3507828116416931,0.39764681458473206,-0.06811410933732986,0.0,0.3553153872489929,0.2886160612106323,-0.08395510166883469,0.0,0.35945576429367065,0.2037580907344818,-0.09434469789266586,0.0,0.27029871940612793,0.60087651014328,-0.05636731535196304,0.0,0.23601052165031433,0.46758759021759033,-0.08612412959337234,0.0,0.22026076912879944,0.37532278895378113,-0.10192898660898209,0.0,0.21052952110767365,0.29217293858528137,-0.11103972047567368,0.0
Okay,0.3029492497444153,0.9577786922454834,0.0,0.0,0.45193368196487427,0.9256442785263062,-0.01703578233718872,0.0,0.5691711902618408,0.8261139392852783,-0.023788701742887497,0.0,0.6574203968048096,0.7251404523849487,-0.029845794662833214,0.0,0.7286757230758667,0.6633306741714478,-0.035430002957582474,0.0,0.5021462440490723,0.6257200241088867,-0.009533008560538292,0.0,0.5600388050079346,0.45624834299087524,-0.021533044055104256,0.0,0.5845527052879333,0.35641998052597046,-0.025836488232016563,0.0,0.6027227640151978,0.27476799488067627,-0.028865549713373184,0.0,0.4223698377609253,0.5777487754821777,-0.016429834067821503,0.0,0.4493287205696106,0.3907549977302551,-0.020129000768065453,0.0,0.4636126458644867,0.2718738615512848,-0.020511016249656677,0.0,0.4707862436771393,0.17983195185661316,-0.024544207379221916,0.0,0.3421764373779297,0.5748971700668335,-0.02778007835149765,0.0,0.3490535318851471,0.395227313041687,-0.04532040283083916,0.0,0.3547273874282837,0.28409886360168457,-0.0563972182571888,0.0,0.3583240807056427,0.20124337077140808,-0.06403475999832153,0.0,0.2698327600955963,0.6018208265304565,-0.041857559233903885,0.0,0.2375827580690384,0.47132909297943115,-0.0646333321928978,0.0,0.22182787954807281,0.3821678161621094,-0.07678016275167465,0.0,0.21065615117549896,0.3027845621109009,-0.08370041847229004,0.0
Okay,0.2999143600463867,0.9538571834564209,0.0,0.0,0.45082908868789673,0.9225162267684937,-0.015266268514096737,0.0,0.5690957903862,0.8244061470031738,-0.021929705515503883,0.0,0.6572543382644653,0.7248234748840332,-0.02827710099518299,0.0,0.7290565967559814,0.6637051701545715,-0.034044090658426285,0.0,0.5035868883132935,0.6257210969924927,-0.008688777685165405,0.0,0.5599052906036377,0.4578031897544861,-0.019895639270544052,0.0,0.5837228298187256,0.3574814796447754,-0.02405748888850212,0.0,0.6016769409179688,0.2760583162307739,-0.027215294539928436,0.0,0.4232023358345032,0.5778884887695312,-0.01722884736955166,0.0,0.4506649374961853,0.39073094725608826,-0.02110861800611019,0.0,0.46638721227645874,0.2723116874694824,-0.02244841307401657,0.0,0.4756031334400177,0.18082335591316223,-0.027197692543268204,0.0,0.3431420624256134,0.5720712542533875,-0.029781131073832512,0.0,0.3504355251789093,0.39276352524757385,-0.046798910945653915,0.0,0.35766205191612244,0.28219568729400635,-0.05811512470245361,0.0,0.36340421438217163,0.19895797967910767,-0.06614048779010773,0.0,0.2707723081111908,0.5958861112594604,-0.044864241033792496,0.0,0.2421027272939682,0.4612649083137512,-0.06717730313539505,0.0,0.2294808030128479,0.3724583089351654,-0.07894599437713623,0.0,0.22206169366836548,0.2937151789665222,-0.08580050617456436,0.0
Okay,0.3151000738143921,0.959174394607544,0.0,0.0,0.45936277508735657,0.9202983379364014,-0.016690822318196297,0.0,0.5713490843772888,0.8206793069839478,-0.026496699079871178,0.0,0.656277596950531,0.7258521318435669,-0.03683583065867424,0.0,0.7266814708709717,0.6687517166137695,-0.04740419238805771,0.0,0.5049722194671631,0.6245975494384766,-0.018974829465150833,0.0,0.5589985847473145,0.45927125215530396,-0.038308996707201004,0.0,0.5827858448028564,0.3564915060997009,-0.04814017564058304,0.0,0.6007368564605713,0.2737777531147003,-0.05505454167723656,0.0,0.4243655800819397,0.5790722966194153,-0.031209802255034447,0.0,0.45080891251564026,0.39290347695350647,-0.04585891589522362,0.0,0.4645968973636627,0.27324387431144714,-0.052839893847703934,0.0,0.47423478960990906,0.17965704202651978,-0.06066541001200676,0.0,0.343571275472641,0.5730024576187134,-0.04736127704381943,0.0,0.3500026762485504,0.3942062258720398,-0.07382570207118988,0.0,0.351826548576355,0.28350698947906494,-0.08940525352954865,0.0,0.35514822602272034,0.1991395354270935,-0.09933415800333023,0.0,0.2683041989803314,0.5973378419876099,-0.06597566604614258,0.0,0.23626817762851715,0.45655161142349243,-0.09667500108480453,0.0,0.21966813504695892,0.35930344462394714,-0.11228445172309875,0.0,0.21104614436626434,0.27381592988967896,-0.1211068332195282,0.0
Okay,0.31647834181785583,0.9645010828971863,0.0,0.0,0.45948100090026855,0.919633686542511,-0.02038869448006153,0.0,0.5719330906867981,0.8188970685005188,-0.028873154893517494,0.0,0.6588734984397888,0.7200987339019775,-0.03584327548742294,0.0,0.727857768535614,0.6606462001800537,-0.042296212166547775,0.0,0.5012240409851074,0.6187366247177124,-0.01501520350575447,0.0,0.5578454732894897,0.4506275951862335,-0.028051352128386497,0.0,0.5847486853599548,0.3495444655418396,-0.033960435539484024,0.0,0.6044877767562866,0.26616156101226807,-0.038430266082286835,0.0,0.4210819900035858,0.574634850025177,-0.021917270496487617,0.0,0.4500352144241333,0.3915289044380188,-0.028642956167459488,0.0,0.46622440218925476,0.277082622051239,-0.03131042420864105,0.0,0.47493216395378113,0.18458139896392822,-0.03664855286478996,0.0,0.34165656566619873,0.5698545575141907,-0.0330517552793026,0.0,0.34907451272010803,0.3920794427394867,-0.051882196217775345,0.0,0.3602831959724426,0.28214359283447266,-0.06445326656103134,0.0,0.36919745802879333,0.196358323097229,-0.07338748127222061,0.0,0.2681906521320343,0.5918993949890137,-0.047218047082424164,0.0,0.23407703638076782,0.45040369033813477,-0.07143399119377136,0.0,0.22046704590320587,0.35148870944976807,-0.08493424206972122,0.0,0.2124827355146408,0.26255643367767334,-0.09291691333055496,0.0
Okay,0.3186597228050232,0.967370867729187,0.0,0.0,0.4595797061920166,0.9189854860305786,-0.017448900267481804,0.0,0.570858359336853,0.8092023134231567,-0.027427373453974724,0.0,0.6550580263137817,0.7115961909294128,-0.03895135596394539,0.0,0.7260329127311707,0.6521565914154053,-0.050118934363126755,0.0,0.5010159611701965,0.6147003769874573,-0.006718927528709173,0.0,0.552181601524353,0.456997811794281,-0.02574159763753414,0.0,0.579556941986084,0.35494154691696167,-0.037331003695726395,0.0,0.6018111109733582,0.26988691091537476,-0.04578550159931183,0.0,0.4213900566101074,0.5733945369720459,-0.02051190845668316,0.0,0.44390177726745605,0.3923593759536743,-0.03453706204891205,0.0,0.45918500423431396,0.27805089950561523,-0.04358994960784912,0.0,0.4699351489543915,0.18589717149734497,-0.0525728240609169,0.0,0.3420582413673401,0.5691090226173401,-0.03956950083374977,0.0,0.3435686230659485,0.38905566930770874,-0.06601366400718689,0.0,0.3511735796928406,0.27955329418182373,-0.08212114125490189,0.0,0.3598904311656952,0.19148695468902588,-0.09213526546955109,0.0,0.26765745878219604,0.5922328233718872,-0.061657439917325974,0.0,0.23039904236793518,0.4482876658439636,-0.09029250591993332,0.0,0.21487970650196075,0.3469538688659668,-0.10511074215173721,0.0,0.20808051526546478,0.254486083984375,-0.1137969121336937,0.0
Okay,0.3170505166053772,0.9664702415466309,0.0,0.0,0.4569588303565979,0.9227720499038696,-0.016539838165044785,0.0,0.567607045173645,0.8112956285476685,-0.02488226629793644,0.0,0.6504383087158203,0.7126482129096985,-0.034724023193120956,0.0,0.7204737067222595,0.6551576852798462,-0.04402127116918564,0.0,0.49873316287994385,0.6168691515922546,-0.0031097261235117912,0.0,0.5495269894599915,0.45501068234443665,-0.021012941375374794,0.0,0.5755400657653809,0.3523006737232208,-0.032024726271629333,0.0,0.597524881362915,0.26670774817466736,-0.04003986343741417,0.0,0.4203287661075592,0.5746927857398987,-0.016465308144688606,0.0,0.4460448622703552,0.39226147532463074,-0.02900644950568676,0.0,0.46468454599380493,0.2752498388290405,-0.038284607231616974,0.0,0.4786451756954193,0.1804681420326233,-0.04772969335317612,0.0,0.34088772535324097,0.5691722631454468,-0.035153210163116455,0.0,0.345124751329422,0.3878290057182312,-0.06030025705695152,0.0,0.35303929448127747,0.2780970335006714,-0.07683728635311127,0.0,0.3624916970729828,0.1916109323501587,-0.08737786114215851,0.0,0.26536527276039124,0.5908751487731934,-0.0568188801407814,0.0,0.22873403131961823,0.4480515122413635,-0.08428256213665009,0.0,0.21223542094230652,0.34677401185035706,-0.09941224753856659,0.0,0.20483925938606262,0.2557109296321869,-0.10853147506713867,0.0
Okay,0.31261545419692993,0.9626888036727905,0.0,0.0,0.45381617546081543,0.9217119216918945,-0.020998133346438408,0.0,0.565895140171051,0.8141341209411621,-0.030571045354008675,0.0,0.6493827700614929,0.7149458527565002,-0.04086204245686531,0.0,0.7191689610481262,0.657450258731842,-0.05071520060300827,0.0,0.49420249462127686,0.6146166324615479,-0.006851269397884607,0.0,0.5477083325386047,0.4499461054801941,-0.02514701709151268,0.0,0.5736693143844604,0.3489048480987549,-0.03649449720978737,0.0,0.5950729250907898,0.2633094787597656,-0.04459251090884209,0.0,0.41464629769325256,0.5727686285972595,-0.017649583518505096,0.0,0.4410039484500885,0.39080238342285156,-0.03035910613834858,0.0,0.4578707218170166,0.27665114402770996,-0.03941428288817406,0.0,0.468816339969635,0.18257015943527222,-0.04844294860959053,0.0,0.3353484869003296,0.5672179460525513,-0.034167490899562836,0.0,0.33724427223205566,0.3861372172832489,-0.05925364792346954,0.0,0.3421217203140259,0.2762615382671356,-0.0751400738954544,0.0,0.3475255072116852,0.18915143609046936,-0.08519961684942245,0.0,0.26112431287765503,0.5881550312042236,-0.054106973111629486,0.0,0.2253383845090866,0.4463960826396942,-0.08157400041818619,0.0,0.21006445586681366,0.3463962972164154,-0.0961943119764328,0.0,0.2029474377632141,0.2565225660800934,-0.10472896695137024,0.0
Okay,0.31854045391082764,0.9631733894348145,0.0,0.0,0.45835554599761963,0.9204797744750977,-0.016363099217414856,0.0,0.5678615570068359,0.8116680383682251,-0.024825995787978172,0.0,0.6503409147262573,0.7137031555175781,-0.03446358069777489,0.0,0.7181117534637451,0.6574467420578003,-0.043420229107141495,0.0,0.49366018176078796,0.6101447939872742,-0.004357884172350168,0.0,0.5459493398666382,0.4477822184562683,-0.02184227481484413,0.0,0.5723686814308167,0.3476506471633911,-0.03244343027472496,0.0,0.5940247774124146,0.26383522152900696,-0.04002605751156807,0.0,0.414884090423584,0.5691137909889221,-0.01699526607990265,0.0,0.4419915974140167,0.38736164569854736,-0.029001137241721153,0.0,0.4598100781440735,0.27366113662719727,-0.037640150636434555,0.0,0.47140079736709595,0.18048256635665894,-0.046558480709791183,0.0,0.33624473214149475,0.5642448663711548,-0.03470863029360771,0.0,0.33825087547302246,0.38323843479156494,-0.05870587378740311,0.0,0.34317293763160706,0.27312400937080383,-0.07444307208061218,0.0,0.34873586893081665,0.18569108843803406,-0.08462651073932648,0.0,0.26298096776008606,0.5863212943077087,-0.0553644634783268,0.0,0.22528119385242462,0.442660927772522,-0.08225197345018387,0.0,0.20911958813667297,0.33843448758125305,-0.09708621352910995,0.0,0.2013094574213028,0.24480238556861877,-0.10595104843378067,0.0
Okay,0.3114374577999115,0.964104950428009,0.0,0.0,0.45293760299682617,0.9207440614700317,-0.017096037045121193,0.0,0.5657407641410828,0.8130226135253906,-0.02773391455411911,0.0,0.6478211879730225,0.7183774709701538,-0.0415392704308033,0.0,0.715689480304718,0.6618527173995972,-0.05491316318511963,0.0,0.4944002330303192,0.6140384078025818,-0.00220040837302804,0.0,0.5467138290405273,0.46318280696868896,-0.02626545913517475,0.0,0.5746542811393738,0.3627989888191223,-0.042756080627441406,0.0,0.597438633441925,0.2762293815612793,-0.0539570078253746,0.0,0.41552338004112244,0.5727110505104065,-0.018782097846269608,0.0,0.4421808123588562,0.4016503393650055,-0.038887687027454376,0.0,0.45887890458106995,0.2908490300178528,-0.05274783819913864,0.0,0.47065797448158264,0.19687187671661377,-0.06414389610290527,0.0,0.3357570767402649,0.5654783844947815,-0.041405998170375824,0.0,0.3388077914714813,0.3901119530200958,-0.0724436342716217,0.0,0.34515243768692017,0.2818736135959625,-0.09033731371164322,0.0,0.3532271981239319,0.19355714321136475,-0.10090126842260361,0.0,0.25932982563972473,0.5855243802070618,-0.06742097437381744,0.0,0.2224023938179016,0.44125935435295105,-0.09783319383859634,0.0,0.20765352249145508,0.3357798159122467,-0.1129780113697052,0.0,0.20273776352405548,0.24159210920333862,-0.12189702689647675,0.0
Okay,0.30647897720336914,0.956179141998291,0.0,0.0,0.4496893882751465,0.9172015190124512,-0.014741123653948307,0.0,0.5643413066864014,0.8097202777862549,-0.025465775281190872,0.0,0.6482368111610413,0.7132442593574524,-0.0391710139811039,0.0,0.7163197994232178,0.6538487672805786,-0.05236554518342018,0.0,0.493926078081131,0.6088122725486755,-0.0041386839002370834,0.0,0.5464916229248047,0.4533063769340515,-0.02722317911684513,0.0,0.5736353397369385,0.3518007695674896,-0.041986025869846344,0.0,0.5960835218429565,0.26639851927757263,-0.05209747329354286,0.0,0.41582366824150085,0.5669911503791809,-0.021260717883706093,0.0,0.4425458610057831,0.3904614746570587,-0.040421079844236374,0.0,0.4595502018928528,0.27626943588256836,-0.052706122398376465,0.0,0.4709969162940979,0.18203431367874146,-0.06327942758798599,0.0,0.33613282442092896,0.5596979260444641,-0.04365871474146843,0.0,0.3373176157474518,0.3813941180706024,-0.07346845418214798,0.0,0.3410069942474365,0.27200785279273987,-0.08897527307271957,0.0,0.3463236391544342,0.18395662307739258,-0.09805966913700104,0.0,0.26010555028915405,0.5790560245513916,-0.06911510229110718,0.0,0.2248087376356125,0.4329929053783417,-0.09887950867414474,0.0,0.21065625548362732,0.3269880414009094,-0.11270226538181305,0.0,0.20517560839653015,0.23255813121795654,-0.12050057202577591,0.0
Okay,0.3190310001373291,0.9538252353668213,0.0,0.0,0.45911186933517456,0.9094713926315308,-0.01843414455652237,0.0,0.569366455078125,0.8077712655067444,-0.028138501569628716,0.0,0.6512757539749146,0.7121288776397705,-0.0392926000058651,0.0,0.7155731916427612,0.6532891392707825,-0.049941010773181915,0.0,0.49385207891464233,0.6092143654823303,-0.008886699564754963,0.0,0.5461859703063965,0.44797244668006897,-0.028910711407661438,0.0,0.5732089877128601,0.3482236862182617,-0.040741197764873505,0.0,0.5962839126586914,0.2644887864589691,-0.04928691312670708,0.0,0.4150391221046448,0.5681985020637512,-0.022836869582533836,0.0,0.44304358959198,0.3842742443084717,-0.03782428056001663,0.0,0.4621306359767914,0.26868754625320435,-0.047914981842041016,0.0,0.476129412651062,0.17395848035812378,-0.057960670441389084,0.0,0.3373348116874695,0.5640825033187866,-0.04198687523603439,0.0,0.3391699492931366,0.3839694857597351,-0.06880681961774826,0.0,0.3434056341648102,0.27532872557640076,-0.08515845984220505,0.0,0.34897947311401367,0.1890004575252533,-0.09551911056041718,0.0,0.26502132415771484,0.588054358959198,-0.06432577222585678,0.0,0.2257051020860672,0.4464348554611206,-0.093148373067379,0.0,0.20758545398712158,0.3450147211551666,-0.10811690986156464,0.0,0.19831769168376923,0.25338441133499146,-0.11691863089799881,0.0
Okay,0.3261314630508423,0.9630873799324036,0.0,0.0,0.4627438187599182,0.9136645793914795,-0.018929511308670044,0.0,0.5694828033447266,0.8072635531425476,-0.02773614041507244,0.0,0.6486120223999023,0.7144186496734619,-0.039154890924692154,0.0,0.7140051126480103,0.6602551937103271,-0.050298940390348434,0.0,0.4969463348388672,0.60560142993927,-0.00027808683807961643,0.0,0.5464046001434326,0.44906049966812134,-0.021584155037999153,0.0,0.5722245573997498,0.351534366607666,-0.035972051322460175,0.0,0.5954790115356445,0.2683451175689697,-0.04600844159722328,0.0,0.4181976318359375,0.5681208372116089,-0.014870593324303627,0.0,0.44215133786201477,0.3889601230621338,-0.030697280541062355,0.0,0.4595181345939636,0.27555209398269653,-0.0429600328207016,0.0,0.4733430743217468,0.18188247084617615,-0.054063715040683746,0.0,0.34062039852142334,0.5684671401977539,-0.03597058728337288,0.0,0.33737993240356445,0.39148569107055664,-0.06493005901575089,0.0,0.33829307556152344,0.2823242247104645,-0.08362441509962082,0.0,0.341946005821228,0.19649696350097656,-0.09472980350255966,0.0,0.26781749725341797,0.5974286794662476,-0.06059873476624489,0.0,0.22505924105644226,0.4653717875480652,-0.09037331491708755,0.0,0.20446927845478058,0.3718545436859131,-0.10601286590099335,0.0,0.19461531937122345,0.28836002945899963,-0.11503469944000244,0.0
Okay,0.3230944275856018,0.961164116859436,0.0,0.0,0.45681527256965637,0.9168932437896729,-0.023222701624035835,0.0,0.5659788250923157,0.8092082738876343,-0.035286709666252136,0.0,0.6441704034805298,0.7157653570175171,-0.05035490542650223,0.0,0.7116843461990356,0.6586763858795166,-0.06536910682916641,0.0,0.496335506439209,0.6078211665153503,-0.00411161407828331,0.0,0.5457736253738403,0.4577295780181885,-0.030192287638783455,0.0,0.5721275806427002,0.35957446694374084,-0.048919349908828735,0.0,0.5951113700866699,0.2744769752025604,-0.062282755970954895,0.0,0.4194091260433197,0.5706701278686523,-0.020191850140690804,0.0,0.44437119364738464,0.39762669801712036,-0.0413353331387043,0.0,0.4618377387523651,0.2855336368083954,-0.05874961242079735,0.0,0.47640764713287354,0.19048869609832764,-0.07362590730190277,0.0,0.3423200249671936,0.5707969069480896,-0.04355509579181671,0.0,0.34236156940460205,0.3983761966228485,-0.07748482376337051,0.0,0.34609857201576233,0.2912693917751312,-0.10090311616659164,0.0,0.3533080816268921,0.20317146182060242,-0.11532896012067795,0.0,0.26734083890914917,0.6000917553901672,-0.070714570581913,0.0,0.2259342223405838,0.47095075249671936,-0.10350514948368073,0.0,0.20423102378845215,0.37805435061454773,-0.12176106870174408,0.0,0.19299547374248505,0.2930513322353363,-0.13317671418190002,0.0
Okay,0.31900185346603394,0.9487760066986084,0.0,0.0,0.4570542275905609,0.9118188619613647,-0.02075364999473095,0.0,0.5675719380378723,0.8079068064689636,-0.03313867747783661,0.0,0.6447190046310425,0.7130573391914368,-0.0474139004945755,0.0,0.7090368270874023,0.654308021068573,-0.061357200145721436,0.0,0.49512505531311035,0.6081042885780334,-0.012269321829080582,0.0,0.5467896461486816,0.4521857500076294,-0.03680477291345596,0.0,0.572737455368042,0.3524714708328247,-0.05307594686746597,0.0,0.5937914848327637,0.26690536737442017,-0.06467650830745697,0.0,0.41757485270500183,0.5705317258834839,-0.027721410617232323,0.0,0.4450235664844513,0.39456552267074585,-0.048325005918741226,0.0,0.4627200663089752,0.28373974561691284,-0.06305980682373047,0.0,0.47582194209098816,0.19145923852920532,-0.07599485665559769,0.0,0.34021878242492676,0.5675139427185059,-0.04886481165885925,0.0,0.3442193865776062,0.39301156997680664,-0.08050578087568283,0.0,0.35172227025032043,0.2851739525794983,-0.10069133341312408,0.0,0.360614538192749,0.19662442803382874,-0.11361218243837357,0.0,0.26624131202697754,0.5914664268493652,-0.07319989055395126,0.0,0.23042377829551697,0.45277291536331177,-0.10431453585624695,0.0,0.21390016376972198,0.35251152515411377,-0.12100156396627426,0.0,0.2050655484199524,0.26137593388557434,-0.13158541917800903,0.0
Okay,0.31688064336776733,0.9509772062301636,0.0,0.0,0.45880985260009766,0.9163645505905151,-0.020153477787971497,0.0,0.5689692497253418,0.8115360140800476,-0.03264873847365379,0.0,0.6487276554107666,0.7118777632713318,-0.04596659541130066,0.0,0.7160627841949463,0.6560391187667847,-0.059002626687288284,0.0,0.4944823384284973,0.6140954494476318,-0.01752503775060177,0.0,0.5468578934669495,0.4526057243347168,-0.039837002754211426,0.0,0.5726370811462402,0.35151955485343933,-0.0536024309694767,0.0,0.5933364033699036,0.26510947942733765,-0.06365671753883362,0.0,0.41526907682418823,0.573020339012146,-0.030978228896856308,0.0,0.44466185569763184,0.3958524763584137,-0.04922916740179062,0.0,0.46412187814712524,0.28147608041763306,-0.06165836378931999,0.0,0.4775106906890869,0.186212956905365,-0.07338893413543701,0.0,0.33755457401275635,0.5678275227546692,-0.049072135239839554,0.0,0.34272024035453796,0.39069175720214844,-0.07817080616950989,0.0,0.34912264347076416,0.27914226055145264,-0.09659970551729202,0.0,0.3547724187374115,0.19013801217079163,-0.10891411453485489,0.0,0.2651960253715515,0.5895218253135681,-0.07000761479139328,0.0,0.2305760681629181,0.4498409032821655,-0.09985575824975967,0.0,0.2148878425359726,0.34846657514572144,-0.11585397273302078,0.0,0.20547161996364594,0.2571341395378113,-0.12606598436832428,0.0
Okay,0.3178204894065857,0.9531604051589966,0.0,0.0,0.4597402513027191,0.9158757925033569,-0.01990855671465397,0.0,0.5697195529937744,0.8106184005737305,-0.03341314196586609,0.0,0.649420976638794,0.7122684121131897,-0.048298850655555725,0.0,0.7178555727005005,0.6574849486351013,-0.06301116943359375,0.0,0.4969139099121094,0.6145989298820496,-0.01912675052881241,0.0,0.5491644740104675,0.4530215263366699,-0.0436050184071064,0.0,0.5746837854385376,0.35163575410842896,-0.05865954980254173,0.0,0.595361590385437,0.2647705674171448,-0.06957753002643585,0.0,0.41726988554000854,0.5739075541496277,-0.03432397544384003,0.0,0.4459112882614136,0.3953825533390045,-0.05486972630023956,0.0,0.4652330279350281,0.2812260389328003,-0.0683029443025589,0.0,0.4794524013996124,0.18623265624046326,-0.08064815402030945,0.0,0.3389659523963928,0.5689988732337952,-0.05423961579799652,0.0,0.34275269508361816,0.39064791798591614,-0.08528893440961838,0.0,0.34950554370880127,0.27811720967292786,-0.10412982851266861,0.0,0.3563622832298279,0.18772077560424805,-0.11659564077854156,0.0,0.2661363482475281,0.5913294553756714,-0.07701017707586288,0.0,0.23016098141670227,0.45077669620513916,-0.10802333801984787,0.0,0.21393395960330963,0.3483869135379791,-0.1241668313741684,0.0,0.20469988882541656,0.2555350661277771,-0.13449013233184814,0.0
Okay,0.3142370283603668,0.9563292860984802,0.0,0.0,0.45492997765541077,0.9171707630157471,-0.026347775012254715,0.0,0.5688036680221558,0.8141041398048401,-0.0392686203122139,0.0,0.6505080461502075,0.7191368341445923,-0.05344393849372864,0.0,0.7190162539482117,0.6603013873100281,-0.06743989884853363,0.0,0.49774274230003357,0.608465313911438,-0.00995511282235384,0.0,0.5486698746681213,0.4519326388835907,-0.03349267691373825,0.0,0.5747756361961365,0.3525203764438629,-0.04983042925596237,0.0,0.5964261293411255,0.26649242639541626,-0.061835501343011856,0.0,0.4192691743373871,0.5691213607788086,-0.02328801341354847,0.0,0.4459246098995209,0.3947867751121521,-0.04248417168855667,0.0,0.46392616629600525,0.2845953106880188,-0.05758041888475418,0.0,0.4777032732963562,0.19137635827064514,-0.07090514898300171,0.0,0.34105169773101807,0.565779447555542,-0.04347832500934601,0.0,0.34268200397491455,0.3880852162837982,-0.07516025006771088,0.0,0.34785687923431396,0.27689364552497864,-0.09634236991405487,0.0,0.3553662896156311,0.1859026849269867,-0.10980137437582016,0.0,0.2655450105667114,0.589682400226593,-0.0675944909453392,0.0,0.22896826267242432,0.44831347465515137,-0.09953415393829346,0.0,0.21274352073669434,0.3461241126060486,-0.11713376641273499,0.0,0.20543353259563446,0.25199857354164124,-0.1280437558889389,0.0
Okay,0.3156440258026123,0.9569648504257202,0.0,0.0,0.4554607570171356,0.915419340133667,-0.02669607661664486,0.0,0.5693968534469604,0.8128119707107544,-0.039313774555921555,0.0,0.6514315605163574,0.7174308896064758,-0.05350988358259201,0.0,0.7198491096496582,0.6567935943603516,-0.06745287030935287,0.0,0.49777108430862427,0.603826105594635,-0.006010090466588736,0.0,0.5491912364959717,0.44903409481048584,-0.02823347970843315,0.0,0.5759413838386536,0.3506357967853546,-0.04418712854385376,0.0,0.5982109308242798,0.26531440019607544,-0.05600334703922272,0.0,0.4192422926425934,0.5642877221107483,-0.01908588595688343,0.0,0.44444385170936584,0.39147239923477173,-0.03648864105343819,0.0,0.46006301045417786,0.2845591902732849,-0.050397444516420364,0.0,0.47181540727615356,0.19341754913330078,-0.06281837821006775,0.0,0.3412664532661438,0.5610930919647217,-0.03940973058342934,0.0,0.3413328230381012,0.3852863311767578,-0.06929736584424973,0.0,0.34649258852005005,0.2768791615962982,-0.08897310495376587,0.0,0.35451918840408325,0.18733003735542297,-0.10144656896591187,0.0,0.2663162350654602,0.5853056907653809,-0.06397610157728195,0.0,0.22876465320587158,0.442186176776886,-0.09464146196842194,0.0,0.21332956850528717,0.3405377268791199,-0.11107677221298218,0.0,0.20712727308273315,0.24745628237724304,-0.12106504291296005,0.0
Okay,0.3105146884918213,0.961097776889801,0.0,0.0,0.45387277007102966,0.9216569662094116,-0.025058897212147713,0.0,0.5679774284362793,0.8177149891853333,-0.03969046100974083,0.0,0.6499964594841003,0.7211142182350159,-0.05596570670604706,0.0,0.7182936668395996,0.6587154269218445,-0.07203218340873718,0.0,0.497373104095459,0.6106385588645935,-0.013345467858016491,0.0,0.5494356155395508,0.45371532440185547,-0.03891036659479141,0.0,0.5766319036483765,0.3541317582130432,-0.056472089141607285,0.0,0.5990092754364014,0.26729172468185425,-0.06930696219205856,0.0,0.41962066292762756,0.5715126395225525,-0.02812003716826439,0.0,0.44516056776046753,0.39401865005493164,-0.04887474328279495,0.0,0.46260982751846313,0.28288501501083374,-0.06440158188343048,0.0,0.47566789388656616,0.1876436173915863,-0.0783451497554779,0.0,0.342639297246933,0.5696059465408325,-0.049368299543857574,0.0,0.34272152185440063,0.39161431789398193,-0.08175234496593475,0.0,0.34824198484420776,0.28057581186294556,-0.10251447558403015,0.0,0.35531407594680786,0.18810296058654785,-0.11612570285797119,0.0,0.26911675930023193,0.5953221917152405,-0.07435933500528336,0.0,0.2306518405675888,0.4568585455417633,-0.10625698417425156,0.0,0.21188922226428986,0.359046995639801,-0.12293499708175659,0.0,0.20137986540794373,0.2678484320640564,-0.13361245393753052,0.0
Okay,0.30958154797554016,0.9529823064804077,0.0,0.0,0.45627763867378235,0.9188394546508789,-0.0244657751172781,0.0,0.5712454319000244,0.8209585547447205,-0.0382060743868351,0.0,0.6537020802497864,0.7217791676521301,-0.05205853283405304,0.0,0.7198313474655151,0.6561805605888367,-0.06540090590715408,0.0,0.49727964401245117,0.6112719178199768,-0.01434587687253952,0.0,0.5513039827346802,0.45220431685447693,-0.033289212733507156,0.0,0.5780760645866394,0.35142216086387634,-0.04594828933477402,0.0,0.599324107170105,0.26397401094436646,-0.05597526952624321,0.0,0.4188581109046936,0.570237398147583,-0.02567068301141262,0.0,0.44905272126197815,0.39753592014312744,-0.03953871503472328,0.0,0.4667721688747406,0.2922711670398712,-0.04983299598097801,0.0,0.47796592116355896,0.2025340497493744,-0.06055912747979164,0.0,0.34213727712631226,0.565057098865509,-0.042535435408353806,0.0,0.34592586755752563,0.39078646898269653,-0.0682179406285286,0.0,0.353179931640625,0.2803218960762024,-0.08575509488582611,0.0,0.36042219400405884,0.18888548016548157,-0.0982101634144783,0.0,0.2700960040092468,0.586050271987915,-0.06287021189928055,0.0,0.23512625694274902,0.44484665989875793,-0.09084036201238632,0.0,0.2203979194164276,0.34563979506492615,-0.10629633814096451,0.0,0.2123148888349533,0.2540600001811981,-0.11647607386112213,0.0
Okay,0.31351131200790405,0.9511561393737793,0.0,0.0,0.45876580476760864,0.9100766181945801,-0.02463562600314617,0.0,0.5732263326644897,0.8103665709495544,-0.03978179022669792,0.0,0.6592363119125366,0.7154278755187988,-0.056037068367004395,0.0,0.7305058240890503,0.653243899345398,-0.07232435047626495,0.0,0.4944055676460266,0.6070376038551331,-0.020058732479810715,0.0,0.5449237823486328,0.4503394365310669,-0.04520612582564354,0.0,0.5714677572250366,0.35038313269615173,-0.06149888411164284,0.0,0.5932828783988953,0.2639078199863434,-0.07322127372026443,0.0,0.41417619585990906,0.5682290196418762,-0.03325933590531349,0.0,0.4380624294281006,0.39341771602630615,-0.0548785962164402,0.0,0.4543021023273468,0.2838641405105591,-0.06831100583076477,0.0,0.4656440317630768,0.18984419107437134,-0.08020385354757309,0.0,0.3361736536026001,0.5653532147407532,-0.0519072599709034,0.0,0.33417293429374695,0.3901483416557312,-0.08372381329536438,0.0,0.3391239643096924,0.2807416319847107,-0.10170374065637589,0.0,0.3448154330253601,0.18898692727088928,-0.11313141882419586,0.0,0.26386046409606934,0.5895413756370544,-0.07412859797477722,0.0,0.22836457192897797,0.44536852836608887,-0.10672076791524887,0.0,0.21292543411254883,0.3429050147533417,-0.12285653501749039,0.0,0.20482972264289856,0.24885287880897522,-0.13249656558036804,0.0
Okay,0.31087034940719604,0.9597846865653992,0.0,0.0,0.4562945067882538,0.9147239327430725,-0.023786701261997223,0.0,0.5709992051124573,0.8126307725906372,-0.038728002458810806,0.0,0.6568781733512878,0.7197376489639282,-0.05489811673760414,0.0,0.728540301322937,0.6623887419700623,-0.07074704766273499,0.0,0.49415040016174316,0.6120316982269287,-0.018031379207968712,0.0,0.5470740795135498,0.45474663376808167,-0.04325346648693085,0.0,0.5750713348388672,0.35302770137786865,-0.06005382165312767,0.0,0.598092257976532,0.2645728290081024,-0.07222278416156769,0.0,0.41493695974349976,0.5734342932701111,-0.03197252005338669,0.0,0.4405733048915863,0.3951597213745117,-0.05245279148221016,0.0,0.4577053189277649,0.28331252932548523,-0.0667547732591629,0.0,0.4695737957954407,0.18786340951919556,-0.07986994832754135,0.0,0.3374999761581421,0.5692895650863647,-0.05130741000175476,0.0,0.33784061670303345,0.3918952941894531,-0.08197154104709625,0.0,0.3454790711402893,0.28228673338890076,-0.10115484893321991,0.0,0.3538511097431183,0.19041720032691956,-0.1139775961637497,0.0,0.26495561003685,0.591086745262146,-0.074099600315094,0.0,0.22761699557304382,0.44754183292388916,-0.10461530089378357,0.0,0.21300667524337769,0.34623080492019653,-0.1206093430519104,0.0,0.20601843297481537,0.25334128737449646,-0.13096381723880768,0.0
Okay,0.31434810161590576,0.9522035121917725,0.0,0.0,0.4562271237373352,0.9078583121299744,-0.023456880822777748,0.0,0.5693821907043457,0.8106029033660889,-0.03930112347006798,0.0,0.6540476679801941,0.7180402874946594,-0.05678585544228554,0.0,0.7216898202896118,0.6538691520690918,-0.07386650890111923,0.0,0.4913041889667511,0.6079921722412109,-0.017457157373428345,0.0,0.5429295301437378,0.45548635721206665,-0.04323665797710419,0.0,0.5713173747062683,0.3560163676738739,-0.06031484156847,0.0,0.5950154662132263,0.26916608214378357,-0.07292170822620392,0.0,0.41487443447113037,0.569764256477356,-0.03302193805575371,0.0,0.4391111731529236,0.3934643566608429,-0.05485169216990471,0.0,0.4558955729007721,0.2854008078575134,-0.069440558552742,0.0,0.4677398204803467,0.19242480397224426,-0.08257155865430832,0.0,0.33900752663612366,0.5647457838058472,-0.054092951118946075,0.0,0.33675292134284973,0.38975104689598083,-0.08526980131864548,0.0,0.3432747423648834,0.28213199973106384,-0.10345639288425446,0.0,0.35189181566238403,0.1908005177974701,-0.11563164740800858,0.0,0.26766708493232727,0.5860925316810608,-0.07876644283533096,0.0,0.22952166199684143,0.4395235776901245,-0.10990630090236664,0.0,0.21508899331092834,0.3367128074169159,-0.12568038702011108,0.0,0.20879463851451874,0.2424715757369995,-0.13581985235214233,0.0
Okay,0.31623172760009766,0.9514570236206055,0.0,0.0,0.45467856526374817,0.9077386856079102,-0.028101222589612007,0.0,0.5675707459449768,0.810502290725708,-0.04483611881732941,0.0,0.6513199210166931,0.7207890152931213,-0.063381128013134,0.0,0.7201714515686035,0.6603807210922241,-0.08171608299016953,0.0,0.4895082712173462,0.6063697934150696,-0.016179775819182396,0.0,0.5404301881790161,0.45736026763916016,-0.044357698410749435,0.0,0.5686472654342651,0.35954421758651733,-0.06425993144512177,0.0,0.5931553840637207,0.27210503816604614,-0.07881685346364975,0.0,0.41430574655532837,0.5699623823165894,-0.03112095408141613,0.0,0.4381224811077118,0.3971715569496155,-0.05512616038322449,0.0,0.4551942050457001,0.2887280285358429,-0.07304353266954422,0.0,0.46840158104896545,0.1926707625389099,-0.0884745791554451,0.0,0.33979105949401855,0.567477822303772,-0.052690356969833374,0.0,0.33611005544662476,0.39462655782699585,-0.08661435544490814,0.0,0.3404066264629364,0.28732210397720337,-0.10780391097068787,0.0,0.34818828105926514,0.1947077214717865,-0.12159337103366852,0.0,0.2691011428833008,0.5911487936973572,-0.07844682037830353,0.0,0.22854633629322052,0.450422465801239,-0.11097702383995056,0.0,0.2116529643535614,0.35062819719314575,-0.12799414992332458,0.0,0.2038901299238205,0.2578558921813965,-0.13894934952259064,0.0
Okay,0.31678327918052673,0.9469901323318481,0.0,0.0,0.45536190271377563,0.903511643409729,-0.02610776759684086,0.0,0.5684027671813965,0.8045803308486938,-0.042410958558321,0.0,0.6510894298553467,0.7137964963912964,-0.061293553560972214,0.0,0.7199492454528809,0.654257595539093,-0.0801791250705719,0.0,0.4911496937274933,0.6036986708641052,-0.016189325600862503,0.0,0.5403253436088562,0.4532943367958069,-0.0459321103990078,0.0,0.5676667094230652,0.3540836274623871,-0.06712467968463898,0.0,0.5917832851409912,0.26629015803337097,-0.08267361670732498,0.0,0.4172329604625702,0.5682451128959656,-0.033832136541604996,0.0,0.4415566623210907,0.39578142762184143,-0.060383282601833344,0.0,0.4597676992416382,0.2890459895133972,-0.0798986554145813,0.0,0.47574326395988464,0.19484874606132507,-0.0963616818189621,0.0,0.3422161936759949,0.5654191374778748,-0.058083806186914444,0.0,0.34150999784469604,0.3912549614906311,-0.09417789429426193,0.0,0.3469543159008026,0.28302237391471863,-0.11681615561246872,0.0,0.3568805754184723,0.19099265336990356,-0.13166747987270355,0.0,0.2687200903892517,0.5888498425483704,-0.0863090306520462,0.0,0.2300596833229065,0.44616687297821045,-0.12056531012058258,0.0,0.2134542316198349,0.34381526708602905,-0.13874559104442596,0.0,0.20624279975891113,0.2498398721218109,-0.15061847865581512,0.0
Okay,0.31524422764778137,0.9410517811775208,0.0,0.0,0.4554539620876312,0.901184618473053,-0.027850840240716934,0.0,0.568586528301239,0.8020603656768799,-0.04491520673036575,0.0,0.6502690315246582,0.709893524646759,-0.0634411945939064,0.0,0.7191751599311829,0.6504698395729065,-0.08204464614391327,0.0,0.4903050363063812,0.6078649163246155,-0.024522565305233,0.0,0.5400978326797485,0.45739221572875977,-0.055050093680620193,0.0,0.5680177211761475,0.35730910301208496,-0.07555622607469559,0.0,0.5917998552322388,0.2691798806190491,-0.09035336226224899,0.0,0.414959579706192,0.5707119703292847,-0.040058281272649765,0.0,0.439237117767334,0.39770522713661194,-0.06799232214689255,0.0,0.4574640989303589,0.2897203862667084,-0.0868193730711937,0.0,0.4728603661060333,0.1959192454814911,-0.1025620698928833,0.0,0.3395414352416992,0.565226674079895,-0.06144169345498085,0.0,0.3402533531188965,0.3912662863731384,-0.09842021763324738,0.0,0.3472617268562317,0.2847152054309845,-0.12066355347633362,0.0,0.35795360803604126,0.19401869177818298,-0.13495253026485443,0.0,0.2663356363773346,0.585229754447937,-0.08658212423324585,0.0,0.22956134378910065,0.43896484375,-0.12199053168296814,0.0,0.2136257290840149,0.33399149775505066,-0.14074575901031494,0.0,0.20658454298973083,0.237962543964386,-0.15274076163768768,0.0
Okay,0.3222430348396301,0.9418078064918518,0.0,0.0,0.4599844813346863,0.8971748352050781,-0.028045039623975754,0.0,0.5695850849151611,0.800450325012207,-0.046819597482681274,0.0,0.6512980461120605,0.7127819061279297,-0.06721776723861694,0.0,0.7224225997924805,0.6559520959854126,-0.08786295354366302,0.0,0.48868274688720703,0.6085852980613708,-0.029577095061540604,0.0,0.5389975309371948,0.458504855632782,-0.06249362230300903,0.0,0.5674656629562378,0.35930150747299194,-0.08421406894922256,0.0,0.5919872522354126,0.27137577533721924,-0.09985232353210449,0.0,0.4132142961025238,0.5731527805328369,-0.045794110745191574,0.0,0.4363258183002472,0.4013838768005371,-0.07643778622150421,0.0,0.45536595582962036,0.2919654846191406,-0.096501424908638,0.0,0.47229111194610596,0.19549384713172913,-0.11315885931253433,0.0,0.33846965432167053,0.5688568949699402,-0.06742381304502487,0.0,0.33484283089637756,0.39749428629875183,-0.10593372583389282,0.0,0.339908242225647,0.2915283143520355,-0.12829864025115967,0.0,0.35015517473220825,0.20006582140922546,-0.14278483390808105,0.0,0.26760196685791016,0.5899665355682373,-0.09278487414121628,0.0,0.22734665870666504,0.4463205933570862,-0.12909656763076782,0.0,0.21027112007141113,0.34405145049095154,-0.14775323867797852,0.0,0.20325438678264618,0.2502567768096924,-0.15982086956501007,0.0
Okay,0.32219505310058594,0.9444117546081543,0.0,0.0,0.4573288559913635,0.896765410900116,-0.0297587588429451,0.0,0.566852331161499,0.8035389184951782,-0.04900321736931801,0.0,0.6487472653388977,0.7189510464668274,-0.07049216330051422,0.0,0.7179908752441406,0.6616174578666687,-0.09218854457139969,0.0,0.487630695104599,0.6034219861030579,-0.02607813850045204,0.0,0.5370718240737915,0.4532264471054077,-0.06014791503548622,0.0,0.5645346641540527,0.3555796146392822,-0.08370423316955566,0.0,0.5891932845115662,0.2679831385612488,-0.10050804167985916,0.0,0.41303327679634094,0.5713333487510681,-0.04298771172761917,0.0,0.43523257970809937,0.4014088213443756,-0.07478176802396774,0.0,0.45246171951293945,0.29301488399505615,-0.0962265282869339,0.0,0.4691369831562042,0.19503501057624817,-0.11354764550924301,0.0,0.3383414149284363,0.5715147852897644,-0.06628786027431488,0.0,0.3317413330078125,0.40150755643844604,-0.10600756853818893,0.0,0.33240246772766113,0.2935234308242798,-0.1291010081768036,0.0,0.34009531140327454,0.20086148381233215,-0.14382673799991608,0.0,0.26679185032844543,0.5977835655212402,-0.09380187839269638,0.0,0.22539524734020233,0.45990532636642456,-0.13017427921295166,0.0,0.20688992738723755,0.3599669933319092,-0.14862005412578583,0.0,0.19990280270576477,0.2683678865432739,-0.1605488508939743,0.0
Okay,0.317105233669281,0.9526258707046509,0.0,0.0,0.45240744948387146,0.9042650461196899,-0.0286557637155056,0.0,0.560279369354248,0.8066667318344116,-0.047555841505527496,0.0,0.6406932473182678,0.7182974815368652,-0.06799670308828354,0.0,0.7078042030334473,0.6590696573257446,-0.0885380357503891,0.0,0.4816533029079437,0.6077512502670288,-0.02919025905430317,0.0,0.5327359437942505,0.4550588130950928,-0.06190267950296402,0.0,0.5614458322525024,0.3548508882522583,-0.08370551466941833,0.0,0.5860322713851929,0.26704713702201843,-0.09910540282726288,0.0,0.40595757961273193,0.5738867521286011,-0.044673334807157516,0.0,0.42918774485588074,0.39996400475502014,-0.07502572983503342,0.0,0.4476233720779419,0.2894898056983948,-0.09448710083961487,0.0,0.46361348032951355,0.19227129220962524,-0.1103290468454361,0.0,0.3312355875968933,0.5724676251411438,-0.06591853499412537,0.0,0.328345388174057,0.39915239810943604,-0.10431172698736191,0.0,0.33391809463500977,0.2881341278553009,-0.1269008070230484,0.0,0.34316545724868774,0.1937418282032013,-0.14137707650661469,0.0,0.26011592149734497,0.5977358818054199,-0.09096678346395493,0.0,0.22346913814544678,0.45669472217559814,-0.126765176653862,0.0,0.20815272629261017,0.3554614186286926,-0.14539697766304016,0.0,0.20200085639953613,0.2630656063556671,-0.1575106829404831,0.0
Okay,0.32040324807167053,0.9409869909286499,0.0,0.0,0.4544694125652313,0.8986793756484985,-0.025744153186678886,0.0,0.5603674054145813,0.8026844263076782,-0.0457465723156929,0.0,0.6391956210136414,0.7146661281585693,-0.06718605011701584,0.0,0.7047749161720276,0.654765784740448,-0.08902712166309357,0.0,0.48518186807632446,0.609976053237915,-0.03733734413981438,0.0,0.5364269614219666,0.4509131908416748,-0.07091385126113892,0.0,0.5638750195503235,0.3484141230583191,-0.0914774090051651,0.0,0.5864517688751221,0.2611619830131531,-0.10558098554611206,0.0,0.4071899950504303,0.5757297873497009,-0.05338658392429352,0.0,0.42997539043426514,0.398983359336853,-0.08498504757881165,0.0,0.4455912709236145,0.28586000204086304,-0.10167938470840454,0.0,0.45897161960601807,0.1898326277732849,-0.1151474267244339,0.0,0.3302990198135376,0.5719759464263916,-0.07396288961172104,0.0,0.32940906286239624,0.3974713981151581,-0.11238698661327362,0.0,0.33468031883239746,0.2856725752353668,-0.13168646395206451,0.0,0.34429219365119934,0.19223299622535706,-0.1440170258283615,0.0,0.2582932412624359,0.59317946434021,-0.0978432297706604,0.0,0.2223721295595169,0.44980448484420776,-0.13391625881195068,0.0,0.2078666090965271,0.3465935289859772,-0.15092934668064117,0.0,0.2040131688117981,0.25415194034576416,-0.16183824837207794,0.0
Okay,0.3223652243614197,0.9434698224067688,0.0,0.0,0.4575654864311218,0.8975725173950195,-0.025171548128128052,0.0,0.5622173547744751,0.7993891835212708,-0.04495096579194069,0.0,0.6365551948547363,0.710201621055603,-0.06744804233312607,0.0,0.7004642486572266,0.647869348526001,-0.09043232351541519,0.0,0.4851363003253937,0.6063097715377808,-0.031149154528975487,0.0,0.5335671901702881,0.4532322883605957,-0.06600731611251831,0.0,0.5611574649810791,0.353226900100708,-0.08908862620592117,0.0,0.5842350125312805,0.26580193638801575,-0.10515182465314865,0.0,0.4097837805747986,0.5738922357559204,-0.04976465925574303,0.0,0.43452349305152893,0.4008241891860962,-0.08267038315534592,0.0,0.4521489143371582,0.291305273771286,-0.10331646353006363,0.0,0.46688589453697205,0.19475498795509338,-0.11978835612535477,0.0,0.334345281124115,0.5710558891296387,-0.07347428798675537,0.0,0.3345085680484772,0.39940810203552246,-0.11293710768222809,0.0,0.3401704430580139,0.2919805943965912,-0.13477933406829834,0.0,0.3495887815952301,0.19990414381027222,-0.1490442454814911,0.0,0.26156067848205566,0.5942605137825012,-0.10067155957221985,0.0,0.22598308324813843,0.4538806974887848,-0.1363825500011444,0.0,0.21019206941127777,0.35572296380996704,-0.15339013934135437,0.0,0.20371615886688232,0.26746687293052673,-0.16462326049804688,0.0
Okay,0.3165082335472107,0.9333332777023315,0.0,0.0,0.45464444160461426,0.8968135118484497,-0.02535163052380085,0.0,0.5620944499969482,0.7996508479118347,-0.04498874768614769,0.0,0.6377349495887756,0.7090703845024109,-0.06636900454759598,0.0,0.7028617858886719,0.6479519009590149,-0.08819762617349625,0.0,0.4837406873703003,0.6082766056060791,-0.03434762358665466,0.0,0.534747302532196,0.4526031017303467,-0.06744737923145294,0.0,0.5623070001602173,0.3510887324810028,-0.0884607583284378,0.0,0.5844752788543701,0.26397496461868286,-0.10306275635957718,0.0,0.4076829254627228,0.5732711553573608,-0.051307402551174164,0.0,0.4359205663204193,0.39747148752212524,-0.08259857445955276,0.0,0.45430848002433777,0.28870609402656555,-0.10139618068933487,0.0,0.468389630317688,0.1945095658302307,-0.11645767092704773,0.0,0.3316769301891327,0.5677813291549683,-0.07286623120307922,0.0,0.335737019777298,0.39350754022598267,-0.11077018827199936,0.0,0.343863844871521,0.2852218747138977,-0.13162919878959656,0.0,0.3538399934768677,0.19388842582702637,-0.145234152674675,0.0,0.2582988142967224,0.5876652598381042,-0.0976753756403923,0.0,0.22772522270679474,0.4431094825267792,-0.13253659009933472,0.0,0.21479395031929016,0.34230557084083557,-0.1494467556476593,0.0,0.20944902300834656,0.2520805895328522,-0.1605246514081955,0.0
Okay,0.32315129041671753,0.9491760730743408,0.0,0.0,0.4576434791088104,0.9053592681884766,-0.02850562334060669,0.0,0.5642788410186768,0.8019943833351135,-0.04676809161901474,0.0,0.6403850317001343,0.7095123529434204,-0.06670435518026352,0.0,0.7051736116409302,0.6500117778778076,-0.08678432554006577,0.0,0.48417508602142334,0.6033596396446228,-0.026898449286818504,0.0,0.5332942008972168,0.4473046660423279,-0.059467021375894547,0.0,0.5611401200294495,0.34799396991729736,-0.08154916763305664,0.0,0.5847730040550232,0.2616778612136841,-0.09733390808105469,0.0,0.40905821323394775,0.5708677768707275,-0.043104179203510284,0.0,0.43252119421958923,0.3969563841819763,-0.07364421337842941,0.0,0.4517313838005066,0.28782913088798523,-0.09442175924777985,0.0,0.4692322611808777,0.19296884536743164,-0.11128858476877213,0.0,0.334713339805603,0.5705569386482239,-0.06531310081481934,0.0,0.3321996033191681,0.3982655704021454,-0.10422710329294205,0.0,0.3390938937664032,0.28996533155441284,-0.1277046501636505,0.0,0.3502720892429352,0.1974506676197052,-0.14285385608673096,0.0,0.26314085721969604,0.5964630246162415,-0.09132613986730576,0.0,0.22717027366161346,0.4553266763687134,-0.12758158147335052,0.0,0.21222512423992157,0.3539070785045624,-0.14646084606647491,0.0,0.20598943531513214,0.26102930307388306,-0.15875273942947388,0.0
Okay,0.32391154766082764,0.9445575475692749,0.0,0.0,0.4574865400791168,0.9017469882965088,-0.02809709869325161,0.0,0.5643220543861389,0.7981223464012146,-0.045562196522951126,0.0,0.6403160095214844,0.705398440361023,-0.06481146067380905,0.0,0.7043007016181946,0.645039439201355,-0.08440827578306198,0.0,0.485953688621521,0.6021220088005066,-0.024632543325424194,0.0,0.5341675281524658,0.44807183742523193,-0.05627434700727463,0.0,0.5612257719039917,0.34920409321784973,-0.07788391411304474,0.0,0.5843012928962708,0.26282989978790283,-0.09323640912771225,0.0,0.4107017517089844,0.570090651512146,-0.04071265831589699,0.0,0.43384015560150146,0.3954603672027588,-0.07006853073835373,0.0,0.45089927315711975,0.287302166223526,-0.0905178040266037,0.0,0.466095507144928,0.19281134009361267,-0.1070985198020935,0.0,0.3357027769088745,0.5698251724243164,-0.06294311583042145,0.0,0.3353416919708252,0.39554154872894287,-0.10096735507249832,0.0,0.3417138457298279,0.2860192358493805,-0.12538324296474457,0.0,0.3518446087837219,0.19198450446128845,-0.14125333726406097,0.0,0.26253533363342285,0.5951148867607117,-0.08891384303569794,0.0,0.2278209626674652,0.4548785090446472,-0.12423920631408691,0.0,0.21228089928627014,0.353336364030838,-0.14360320568084717,0.0,0.20523659884929657,0.25960323214530945,-0.1564491242170334,0.0
Okay,0.3332955837249756,0.9505138397216797,0.0,0.0,0.46109962463378906,0.9027996063232422,-0.030674422159790993,0.0,0.5640622973442078,0.7989999651908875,-0.05165092647075653,0.0,0.6380879878997803,0.7091060876846313,-0.0747157484292984,0.0,0.7040517330169678,0.6495729684829712,-0.09841976314783096,0.0,0.48560136556625366,0.6064684987068176,-0.03251605108380318,0.0,0.5327587723731995,0.45524460077285767,-0.06971011310815811,0.0,0.5603272914886475,0.3565244972705841,-0.09490085393190384,0.0,0.5840297937393188,0.270055890083313,-0.11272081732749939,0.0,0.4121692180633545,0.5756646990776062,-0.050433218479156494,0.0,0.4358523488044739,0.4039848744869232,-0.086274653673172,0.0,0.45620742440223694,0.29595693945884705,-0.11056867241859436,0.0,0.4746932089328766,0.20004433393478394,-0.12967073917388916,0.0,0.33803266286849976,0.5754705667495728,-0.07450579106807709,0.0,0.33612895011901855,0.40026795864105225,-0.1165948212146759,0.0,0.34363141655921936,0.2907368838787079,-0.14195701479911804,0.0,0.3559761047363281,0.19518133997917175,-0.15866312384605408,0.0,0.2653871178627014,0.6003515720367432,-0.10260410606861115,0.0,0.22941429913043976,0.45416662096977234,-0.14048902690410614,0.0,0.21452727913856506,0.34801119565963745,-0.1605166643857956,0.0,0.20939941704273224,0.24986311793327332,-0.17403145134449005,0.0
Okay,0.336267352104187,0.945266842842102,0.0,0.0,0.46214812994003296,0.900578498840332,-0.03292611613869667,0.0,0.5650579929351807,0.7988158464431763,-0.055986110121011734,0.0,0.6376516222953796,0.709419310092926,-0.08135924488306046,0.0,0.7027853727340698,0.6494818329811096,-0.1076488047838211,0.0,0.4884694814682007,0.6027409434318542,-0.03576171398162842,0.0,0.5340499877929688,0.45084553956985474,-0.07514740526676178,0.0,0.5597655773162842,0.35585710406303406,-0.10239395499229431,0.0,0.5826468467712402,0.270051509141922,-0.1218658909201622,0.0,0.4151736795902252,0.5754230618476868,-0.05459585413336754,0.0,0.43718016147613525,0.4064399003982544,-0.09279897809028625,0.0,0.4554005265235901,0.2992652952671051,-0.11931555718183517,0.0,0.4739112854003906,0.2021196186542511,-0.14021840691566467,0.0,0.34132856130599976,0.579840362071991,-0.07994233816862106,0.0,0.33890679478645325,0.408832848072052,-0.1240672692656517,0.0,0.3436056673526764,0.3011055290699005,-0.1510341465473175,0.0,0.3555052876472473,0.20595914125442505,-0.16911885142326355,0.0,0.26906025409698486,0.6093565225601196,-0.10951192677021027,0.0,0.2316867560148239,0.4685494601726532,-0.1489184945821762,0.0,0.21455110609531403,0.3653707802295685,-0.1697622388601303,0.0,0.20891213417053223,0.26891595125198364,-0.18414565920829773,0.0
Okay,0.3322087228298187,0.9423112869262695,0.0,0.0,0.4614088535308838,0.8982121348381042,-0.030417349189519882,0.0,0.5626487731933594,0.7966353893280029,-0.05208728834986687,0.0,0.6339211463928223,0.7050883173942566,-0.0747494250535965,0.0,0.6951285004615784,0.6452194452285767,-0.09805801510810852,0.0,0.4855286777019501,0.6068558096885681,-0.03926840052008629,0.0,0.5340868830680847,0.4510963559150696,-0.075177863240242,0.0,0.5612688064575195,0.3503478765487671,-0.09880103170871735,0.0,0.5840044021606445,0.26328662037849426,-0.11541871726512909,0.0,0.41068726778030396,0.5772461295127869,-0.055453572422266006,0.0,0.4352760910987854,0.402384877204895,-0.08979054540395737,0.0,0.45308706164360046,0.29219311475753784,-0.11198939383029938,0.0,0.46848222613334656,0.19721701741218567,-0.12971065938472748,0.0,0.3361577093601227,0.5783268809318542,-0.0768219605088234,0.0,0.33482626080513,0.4055216908454895,-0.11748718470335007,0.0,0.34243738651275635,0.29337772727012634,-0.14228349924087524,0.0,0.35380420088768005,0.19662368297576904,-0.15887193381786346,0.0,0.26435425877571106,0.6039852499961853,-0.10176921635866165,0.0,0.23018886148929596,0.4639732837677002,-0.13883337378501892,0.0,0.21678553521633148,0.36123719811439514,-0.1584518402814865,0.0,0.21247847378253937,0.2663911283016205,-0.17181800305843353,0.0
Okay,0.32284820079803467,0.939193844795227,0.0,0.0,0.4562099575996399,0.9029049873352051,-0.0348464734852314,0.0,0.5617408156394958,0.8010513782501221,-0.05815594270825386,0.0,0.6339892148971558,0.7070866823196411,-0.08158794045448303,0.0,0.6968785524368286,0.6462835073471069,-0.10580761730670929,0.0,0.4852192997932434,0.610795259475708,-0.04473108798265457,0.0,0.534515380859375,0.45405927300453186,-0.08193790912628174,0.0,0.5620542764663696,0.3534843623638153,-0.10628998279571533,0.0,0.5846668481826782,0.2653893232345581,-0.12331295758485794,0.0,0.4090695381164551,0.5787709951400757,-0.058862026780843735,0.0,0.4365227222442627,0.40563851594924927,-0.09459914267063141,0.0,0.45605766773223877,0.29586106538772583,-0.11803139746189117,0.0,0.4727748930454254,0.19948655366897583,-0.13656766712665558,0.0,0.33351144194602966,0.5771488547325134,-0.07831061631441116,0.0,0.3368111848831177,0.40449759364128113,-0.12019738554954529,0.0,0.3465486168861389,0.2943437993526459,-0.14622390270233154,0.0,0.3599378764629364,0.198441743850708,-0.16358284652233124,0.0,0.2603657841682434,0.5992107391357422,-0.10153672099113464,0.0,0.22928844392299652,0.45700550079345703,-0.1394064724445343,0.0,0.21714414656162262,0.3540477454662323,-0.15985563397407532,0.0,0.21398800611495972,0.25855398178100586,-0.17381881177425385,0.0
Okay,0.3161124587059021,0.9390066862106323,0.0,0.0,0.45330238342285156,0.9035220146179199,-0.026127047836780548,0.0,0.5599818229675293,0.8037713766098022,-0.0456274040043354,0.0,0.6337552070617676,0.7102201581001282,-0.06600137799978256,0.0,0.6967964172363281,0.6489997506141663,-0.08661404252052307,0.0,0.48347049951553345,0.609747588634491,-0.03535516560077667,0.0,0.5356492400169373,0.4515179693698883,-0.0673251748085022,0.0,0.5628785490989685,0.3504505455493927,-0.08749524503946304,0.0,0.5841929912567139,0.26412591338157654,-0.10155337303876877,0.0,0.4062906503677368,0.5749462246894836,-0.05093523487448692,0.0,0.436868816614151,0.3975284695625305,-0.08124785125255585,0.0,0.4578627347946167,0.28779926896095276,-0.09991201758384705,0.0,0.4738706350326538,0.1943328082561493,-0.11507084220647812,0.0,0.3302709460258484,0.5702449083328247,-0.07100607454776764,0.0,0.33568131923675537,0.3943561911582947,-0.10798600316047668,0.0,0.3459099531173706,0.2829020619392395,-0.12939703464508057,0.0,0.35677242279052734,0.1897912323474884,-0.14366744458675385,0.0,0.25758859515190125,0.5908737778663635,-0.09423579275608063,0.0,0.2298094779253006,0.44539937376976013,-0.12877148389816284,0.0,0.2191399335861206,0.3418201506137848,-0.14622977375984192,0.0,0.21455402672290802,0.24843266606330872,-0.15778347849845886,0.0
